{
  "model": "meta-llama/Llama-3.1-8B-Instruct",
  "n_layers": 32,
  "n_calibration": 500,
  "alpha": 1.0,
  "kl_gt": [
    4.208363584518432,
    0.4649510672092438,
    0.2580518420264125,
    0.14435171691328288,
    0.12091472289711237,
    0.11640891937166452,
    0.12704330960661173,
    0.12460346738249063,
    0.09104526004940271,
    0.24575974045693874,
    0.07145627711340785,
    0.09728077234327794,
    0.07718429069966078,
    0.09309083689749241,
    0.1163388926833868,
    0.24928648047149182,
    0.12650105688720942,
    0.09079419875144959,
    0.07950127182155847,
    0.06666964306682348,
    0.1279907743483782,
    0.0455741437189281,
    0.049149126283824444,
    0.04387520327419043,
    0.042633486922830345,
    0.034571758806705474,
    0.0966147956252098,
    0.059528666153550146,
    0.0893588043898344,
    0.11656939907371998,
    0.14656664988398552,
    1.2300187356472014
  ],
  "arrow_len": [
    0.7173092088550521,
    0.47901522584293005,
    0.10007171249290034,
    0.24280716770152927,
    0.2471811939801196,
    0.2666974853554632,
    0.163398606467625,
    0.4861930415577637,
    0.1714580022154691,
    0.12052281112793922,
    0.1058717850815529,
    0.1302216445951841,
    0.2714572573701191,
    0.08612483459011154,
    0.18836304204232918,
    0.26040388432890205,
    0.17254762249225308,
    0.20885142947200605,
    0.03710416696126834,
    0.1400591024616875,
    0.1606573947073488,
    0.19337491084703706,
    0.1948656297135721,
    0.05760242452223027,
    0.3514525183771478,
    0.3245296395629296,
    0.24798759412653465,
    0.2785502049880772,
    0.180909896011306,
    0.11412456488838155,
    0.2343035534260686,
    0.10330218370861347
  ],
  "beta": [
    16.809148569654244,
    1.7332703781913452,
    0.9000233068783156,
    0.4421177918880062,
    0.3477297795254756,
    0.32958351731413266,
    0.37241149074244945,
    0.3625854926705946,
    0.22743622880021788,
    0.8505192179964194,
    0.14854534534236585,
    0.2525485623646216,
    0.17161382489306912,
    0.23567439845170057,
    0.32930149821585136,
    0.8647224891097453,
    0.37022767159110065,
    0.2264251274243929,
    0.1809450233661557,
    0.1292680919005553,
    0.376227223839331,
    0.044310001632277336,
    0.05870756039337322,
    0.03746784382012525,
    0.03246706862506112,
    0.0,
    0.24986646846406413,
    0.10050917270189262,
    0.22064435107330613,
    0.3302298186312339,
    0.4510380109432576,
    4.814434135662565
  ],
  "rho_a": -0.3603372434017595,
  "p_a": 0.04277430304185902,
  "rho_b": 0.04875366568914955,
  "p_b": 0.7910270257158754,
  "results": [
    {
      "label": "FP32 Baseline",
      "bits": 32.0,
      "kl_cal": 0.00046090430693584495,
      "kl_val": 0.0005358294941834174,
      "acc_cal": 7.913669064748201,
      "acc_val": 6.481481481481481,
      "type": "baseline"
    },
    {
      "label": "Uniform INT8",
      "bits": 8.0,
      "kl_cal": 0.05743808770179749,
      "kl_val": 0.06792254105210305,
      "acc_cal": 6.654676258992806,
      "acc_val": 8.333333333333332,
      "type": "uniform"
    },
    {
      "label": "Uniform INT4",
      "bits": 4.0,
      "kl_cal": 12.32149976348877,
      "kl_val": 12.261310920715331,
      "acc_cal": 0.0,
      "acc_val": 0.0,
      "type": "uniform"
    },
    {
      "label": "IB-4bit",
      "bits": 4.0,
      "kl_cal": 12.32149976348877,
      "kl_val": 12.261310920715331,
      "acc_cal": 0.0,
      "acc_val": 0.0,
      "type": "ib"
    },
    {
      "label": "IB-5bit",
      "bits": 5.0,
      "kl_cal": 11.413284475326538,
      "kl_val": 11.040766305923462,
      "acc_cal": 0.1798561151079137,
      "acc_val": 0.0,
      "type": "ib"
    },
    {
      "label": "IB-6bit",
      "bits": 6.0,
      "kl_cal": 12.308498178482056,
      "kl_val": 11.106355357170106,
      "acc_cal": 0.3597122302158274,
      "acc_val": 0.0,
      "type": "ib"
    },
    {
      "label": "IB-7bit",
      "bits": 7.0,
      "kl_cal": 1.2356658453941345,
      "kl_val": 1.3443835347890853,
      "acc_cal": 0.3597122302158274,
      "acc_val": 0.0,
      "type": "ib"
    },
    {
      "label": "IB-8bit",
      "bits": 8.0,
      "kl_cal": 0.05743808770179749,
      "kl_val": 0.06792254105210305,
      "acc_cal": 6.654676258992806,
      "acc_val": 8.333333333333332,
      "type": "ib"
    }
  ],
  "showdown": {
    "uniform_int8": {
      "kl_cal": 0.05743808770179749,
      "acc_cal": 6.654676258992806
    },
    "gptq_style": {
      "kl_cal": 6.684804183006286,
      "kl_val": 6.546755576133728,
      "acc_cal": 0.0
    },
    "awq_style": {
      "kl_cal": 13.593747159957886,
      "kl_val": 12.506614036560059,
      "acc_cal": 0.0
    },
    "random_7bit": {
      "kl_cal": 11.520325851440429,
      "kl_val": 10.546066775321961,
      "acc_cal": 0.0
    },
    "worst_7bit": {
      "kl_cal": 11.603661895751953,
      "kl_val": 10.924752955436707,
      "acc_cal": 0.539568345323741
    },
    "ib_7bit": {
      "kl_cal": 1.2356658453941345,
      "kl_val": 1.3443835347890853,
      "acc_cal": 0.3597122302158274
    },
    "uniform_int4": {
      "kl_cal": 12.32149976348877,
      "acc_cal": 0.0
    }
  },
  "perplexity": {
    "FP32 Baseline": 8.900076866149902,
    "Uniform INT8": 9.717222213745117,
    "GPTQ-style 7-bit": 2780.167236328125,
    "AWQ-style 7-bit": 59408.765625,
    "IB 7-bit (yours)": 42.31619644165039,
    "IB 6-bit (yours)": 1748.2032470703125,
    "Uniform INT4": 1007348.4375
  },
  "calibration_sensitivity": [
    {
      "n_prompts": 20,
      "kl": 1.2356658453941345,
      "overlap_pct": 100.0
    },
    {
      "n_prompts": 50,
      "kl": 1.2356658453941345,
      "overlap_pct": 100.0
    },
    {
      "n_prompts": 100,
      "kl": 1.2356658453941345,
      "overlap_pct": 100.0
    },
    {
      "n_prompts": 200,
      "kl": 1.2356658453941345,
      "overlap_pct": 100.0
    },
    {
      "n_prompts": 500,
      "kl": 1.2356658453941345,
      "overlap_pct": 100.0
    }
  ],
  "ablation": [
    {
      "label": "EXP1 only (\u03b1=1.0)",
      "alpha": 1.0,
      "kl_cal": 1.2356658453941345,
      "kl_val": 1.3443835347890853
    },
    {
      "label": "EXP4 only (\u03b1=0.0)",
      "alpha": 0.0,
      "kl_cal": 6.64893955373764,
      "kl_val": 6.090927770137787
    },
    {
      "label": "Equal (\u03b1=0.5)",
      "alpha": 0.5,
      "kl_cal": 3.4736240344047546,
      "kl_val": 3.213657455444336
    },
    {
      "label": "Mostly EXP1 (\u03b1=0.8)",
      "alpha": 0.8,
      "kl_cal": 2.0760623176097868,
      "kl_val": 1.9053925037384034
    },
    {
      "label": "Mostly EXP4 (\u03b1=0.2)",
      "alpha": 0.2,
      "kl_cal": 4.202141577005387,
      "kl_val": 3.792666517496109
    }
  ],
  "headline": {
    "ib_vs_gptq_pct": 81.51530229508636,
    "ib_vs_awq_pct": 90.9100424566234,
    "ib_vs_random_pct": 89.27403737247906,
    "ib_vs_worst_pct": 89.35106989073418,
    "kl_range_ratio": 121.72836239104461,
    "displacement_ratio": 19.33230867583753,
    "best_alpha": 1.0,
    "most_critical_layer": 0,
    "most_displaced_layer": 0,
    "ib_vs_gptq_hellaswag": 13.0,
    "ib_vs_awq_hellaswag": 17.5
  },
  "hellaswag": {
    "FP32 Baseline": 54.50000000000001,
    "Uniform INT8": 56.00000000000001,
    "GPTQ-style 7-bit": 33.5,
    "AWQ-style  7-bit": 28.999999999999996,
    "Random 7-bit": 35.0,
    "IB-7bit (yours)": 46.5,
    "Uniform INT4": 23.0
  },
  "benchmarks": {
    "FP32 Baseline": 54.50000000000001,
    "Uniform INT8": 56.00000000000001,
    "GPTQ-style 7-bit": 33.5,
    "AWQ-style  7-bit": 28.999999999999996,
    "Random 7-bit": 35.0,
    "IB-7bit (yours)": 46.5,
    "Uniform INT4": 23.0
  },
  "benchmarks_hellaswag": {
    "FP32 Baseline": 54.50000000000001,
    "Uniform INT8": 56.00000000000001,
    "GPTQ-style 7-bit": 33.5,
    "AWQ-style  7-bit": 28.999999999999996,
    "Random 7-bit": 35.0,
    "IB-7bit (yours)": 46.5,
    "Uniform INT4": 23.0
  },